{
  "IcoMoonType": "selection",
  "icons": [
    {
      "icon": {
        "paths": [
          "M384 288c0-88.366 71.634-160 160-160s160 71.634 160 160c0 88.366-71.634 160-160 160s-160-71.634-160-160zM0 288c0-88.366 71.634-160 160-160s160 71.634 160 160c0 88.366-71.634 160-160 160s-160-71.634-160-160zM768 608v-96c0-35.2-28.8-64-64-64h-640c-35.2 0-64 28.8-64 64v320c0 35.2 28.8 64 64 64h640c35.2 0 64-28.8 64-64v-96l256 160v-448l-256 160zM640 768h-512v-192h512v192z"
        ],
        "tags": [
          "video-camera",
          "video",
          "media",
          "film",
          "movie"
        ],
        "defaultCode": 59668,
        "grid": 16,
        "attrs": []
      },
      "attrs": [],
      "properties": {
        "ligatures": "video-camera, video3",
        "name": "video-camera",
        "order": 11,
        "id": 21,
        "prevSize": 32,
        "code": 59668
      },
      "setIdx": 1,
      "setId": 1,
      "iconIdx": 20
    },
    {
      "icon": {
        "paths": [
          "M864 0h-768c-52.8 0-96 43.2-96 96v832c0 52.8 43.2 96 96 96h768c52.8 0 96-43.2 96-96v-832c0-52.8-43.2-96-96-96zM832 896h-704v-768h704v768zM256 448h448v64h-448zM256 576h448v64h-448zM256 704h448v64h-448zM256 320h448v64h-448z"
        ],
        "tags": [
          "file-text",
          "file",
          "document",
          "list",
          "paper"
        ],
        "defaultCode": 59682,
        "grid": 16,
        "attrs": []
      },
      "attrs": [],
      "properties": {
        "ligatures": "file-text, file",
        "name": "file-text",
        "order": 22,
        "id": 35,
        "prevSize": 32,
        "code": 59682
      },
      "setIdx": 1,
      "setId": 1,
      "iconIdx": 34
    },
    {
      "icon": {
        "paths": [
          "M992.262 871.396l-242.552-206.294c-25.074-22.566-51.89-32.926-73.552-31.926 57.256-67.068 91.842-154.078 91.842-249.176 0-212.078-171.922-384-384-384-212.076 0-384 171.922-384 384s171.922 384 384 384c95.098 0 182.108-34.586 249.176-91.844-1 21.662 9.36 48.478 31.926 73.552l206.294 242.552c35.322 39.246 93.022 42.554 128.22 7.356s31.892-92.898-7.354-128.22zM384 640c-141.384 0-256-114.616-256-256s114.616-256 256-256 256 114.616 256 256-114.614 256-256 256z"
        ],
        "tags": [
          "search",
          "magnifier",
          "magnifying-glass",
          "inspect",
          "find"
        ],
        "defaultCode": 59782,
        "grid": 16,
        "attrs": []
      },
      "attrs": [],
      "properties": {
        "ligatures": "search, magnifier",
        "name": "search",
        "order": 4,
        "id": 135,
        "prevSize": 32,
        "code": 59782
      },
      "setIdx": 1,
      "setId": 1,
      "iconIdx": 134
    },
    {
      "icon": {
        "paths": [
          "M736 448l-256 256-256-256h160v-384h192v384zM480 704h-480v256h960v-256h-480zM896 832h-128v-64h128v64z"
        ],
        "tags": [
          "download",
          "save",
          "store"
        ],
        "defaultCode": 59847,
        "grid": 16,
        "attrs": []
      },
      "attrs": [],
      "properties": {
        "ligatures": "download3, save5",
        "name": "download3",
        "order": 12,
        "id": 200,
        "prevSize": 32,
        "code": 59847
      },
      "setIdx": 1,
      "setId": 1,
      "iconIdx": 199
    },
    {
      "icon": {
        "paths": [
          "M992 384h-352v-352c0-17.672-14.328-32-32-32h-192c-17.672 0-32 14.328-32 32v352h-352c-17.672 0-32 14.328-32 32v192c0 17.672 14.328 32 32 32h352v352c0 17.672 14.328 32 32 32h192c17.672 0 32-14.328 32-32v-352h352c17.672 0 32-14.328 32-32v-192c0-17.672-14.328-32-32-32z"
        ],
        "tags": [
          "plus",
          "add",
          "sum"
        ],
        "defaultCode": 59914,
        "grid": 16,
        "attrs": []
      },
      "attrs": [],
      "properties": {
        "ligatures": "plus, add",
        "name": "plus",
        "order": 13,
        "id": 267,
        "prevSize": 32,
        "code": 59914
      },
      "setIdx": 1,
      "setId": 1,
      "iconIdx": 266
    },
    {
      "icon": {
        "paths": [
          "M0 416v192c0 17.672 14.328 32 32 32h960c17.672 0 32-14.328 32-32v-192c0-17.672-14.328-32-32-32h-960c-17.672 0-32 14.328-32 32z"
        ],
        "tags": [
          "minus",
          "subtract",
          "minimize",
          "line"
        ],
        "defaultCode": 59915,
        "grid": 16,
        "attrs": []
      },
      "attrs": [],
      "properties": {
        "ligatures": "minus, subtract",
        "name": "minus",
        "order": 9,
        "id": 268,
        "prevSize": 32,
        "code": 59915
      },
      "setIdx": 1,
      "setId": 1,
      "iconIdx": 267
    },
    {
      "icon": {
        "paths": [
          "M1014.662 822.66c-0.004-0.004-0.008-0.008-0.012-0.010l-310.644-310.65 310.644-310.65c0.004-0.004 0.008-0.006 0.012-0.010 3.344-3.346 5.762-7.254 7.312-11.416 4.246-11.376 1.824-24.682-7.324-33.83l-146.746-146.746c-9.148-9.146-22.45-11.566-33.828-7.32-4.16 1.55-8.070 3.968-11.418 7.31 0 0.004-0.004 0.006-0.008 0.010l-310.648 310.652-310.648-310.65c-0.004-0.004-0.006-0.006-0.010-0.010-3.346-3.342-7.254-5.76-11.414-7.31-11.38-4.248-24.682-1.826-33.83 7.32l-146.748 146.748c-9.148 9.148-11.568 22.452-7.322 33.828 1.552 4.16 3.97 8.072 7.312 11.416 0.004 0.002 0.006 0.006 0.010 0.010l310.65 310.648-310.65 310.652c-0.002 0.004-0.006 0.006-0.008 0.010-3.342 3.346-5.76 7.254-7.314 11.414-4.248 11.376-1.826 24.682 7.322 33.83l146.748 146.746c9.15 9.148 22.452 11.568 33.83 7.322 4.16-1.552 8.070-3.97 11.416-7.312 0.002-0.004 0.006-0.006 0.010-0.010l310.648-310.65 310.648 310.65c0.004 0.002 0.008 0.006 0.012 0.008 3.348 3.344 7.254 5.762 11.414 7.314 11.378 4.246 24.684 1.826 33.828-7.322l146.746-146.748c9.148-9.148 11.57-22.454 7.324-33.83-1.552-4.16-3.97-8.068-7.314-11.414z"
        ],
        "tags": [
          "cross",
          "cancel",
          "close",
          "quit",
          "remove"
        ],
        "defaultCode": 59919,
        "grid": 16,
        "attrs": []
      },
      "attrs": [],
      "properties": {
        "ligatures": "cross, cancel",
        "name": "cross",
        "order": 5,
        "id": 272,
        "prevSize": 32,
        "code": 59919
      },
      "setIdx": 1,
      "setId": 1,
      "iconIdx": 271
    },
    {
      "icon": {
        "paths": [
          "M512 0c-282.77 0-512 229.23-512 512s229.23 512 512 512 512-229.23 512-512-229.23-512-512-512zM512 928c-229.75 0-416-186.25-416-416s186.25-416 416-416 416 186.25 416 416-186.25 416-416 416zM384 288l384 224-384 224z"
        ],
        "tags": [
          "play",
          "player"
        ],
        "defaultCode": 59925,
        "grid": 16,
        "attrs": []
      },
      "attrs": [],
      "properties": {
        "ligatures": "play2, player",
        "name": "play2",
        "order": 8,
        "id": 278,
        "prevSize": 32,
        "code": 59925
      },
      "setIdx": 1,
      "setId": 1,
      "iconIdx": 277
    },
    {
      "icon": {
        "paths": [
          "M192 128l640 384-640 384z"
        ],
        "tags": [
          "play",
          "player"
        ],
        "defaultCode": 59932,
        "grid": 16,
        "attrs": []
      },
      "attrs": [],
      "properties": {
        "ligatures": "play3, player8",
        "name": "play3",
        "order": 17,
        "id": 285,
        "prevSize": 32,
        "code": 59932
      },
      "setIdx": 1,
      "setId": 1,
      "iconIdx": 284
    },
    {
      "icon": {
        "paths": [
          "M128 128h320v768h-320zM576 128h320v768h-320z"
        ],
        "tags": [
          "pause",
          "player"
        ],
        "defaultCode": 59933,
        "grid": 16,
        "attrs": []
      },
      "attrs": [],
      "properties": {
        "ligatures": "pause2, player9",
        "name": "pause2",
        "order": 18,
        "id": 286,
        "prevSize": 32,
        "code": 59933
      },
      "setIdx": 1,
      "setId": 1,
      "iconIdx": 285
    },
    {
      "icon": {
        "paths": [
          "M256 896v-768h128v352l320-320v704l-320-320v352z"
        ],
        "tags": [
          "previous",
          "player"
        ],
        "defaultCode": 59939,
        "grid": 16,
        "attrs": []
      },
      "attrs": [],
      "properties": {
        "ligatures": "previous2, player15",
        "name": "previous2",
        "order": 15,
        "id": 292,
        "prevSize": 32,
        "code": 59939
      },
      "setIdx": 1,
      "setId": 1,
      "iconIdx": 291
    },
    {
      "icon": {
        "paths": [
          "M768 128v768h-128v-352l-320 320v-704l320 320v-352z"
        ],
        "tags": [
          "next",
          "player"
        ],
        "defaultCode": 59940,
        "grid": 16,
        "attrs": []
      },
      "attrs": [],
      "properties": {
        "ligatures": "next2, player16",
        "name": "next2",
        "order": 14,
        "id": 293,
        "prevSize": 32,
        "code": 59940
      },
      "setIdx": 1,
      "setId": 1,
      "iconIdx": 292
    },
    {
      "icon": {
        "paths": [
          "M719.53 831.53c-12.286 0-24.566-4.686-33.942-14.056-18.744-18.744-18.744-49.136 0-67.882 131.006-131.006 131.006-344.17 0-475.176-18.744-18.746-18.744-49.138 0-67.882 18.744-18.742 49.138-18.744 67.882 0 81.594 81.59 126.53 190.074 126.53 305.466 0 115.39-44.936 223.876-126.53 305.47-9.372 9.374-21.656 14.060-33.94 14.060v0zM549.020 741.020c-12.286 0-24.566-4.686-33.942-14.058-18.746-18.746-18.746-49.134 0-67.88 81.1-81.1 81.1-213.058 0-294.156-18.746-18.746-18.746-49.138 0-67.882s49.136-18.744 67.882 0c118.53 118.53 118.53 311.392 0 429.922-9.372 9.368-21.656 14.054-33.94 14.054z",
          "M416.006 960c-8.328 0-16.512-3.25-22.634-9.374l-246.626-246.626h-114.746c-17.672 0-32-14.326-32-32v-320c0-17.672 14.328-32 32-32h114.746l246.626-246.628c9.154-9.154 22.916-11.89 34.874-6.936 11.958 4.952 19.754 16.622 19.754 29.564v832c0 12.944-7.796 24.612-19.754 29.564-3.958 1.64-8.118 2.436-12.24 2.436z"
        ],
        "tags": [
          "volume-medium",
          "volume",
          "audio",
          "speaker",
          "player"
        ],
        "defaultCode": 59943,
        "grid": 16,
        "attrs": []
      },
      "attrs": [],
      "properties": {
        "ligatures": "volume-medium, volume2",
        "name": "volume-medium",
        "order": 16,
        "id": 296,
        "prevSize": 32,
        "code": 59943
      },
      "setIdx": 1,
      "setId": 1,
      "iconIdx": 295
    },
    {
      "icon": {
        "paths": [
          "M128 320h640v192l256-256-256-256v192h-768v384h128zM896 704h-640v-192l-256 256 256 256v-192h768v-384h-128z"
        ],
        "tags": [
          "loop",
          "repeat",
          "player"
        ],
        "defaultCode": 59949,
        "grid": 16,
        "attrs": []
      },
      "attrs": [],
      "properties": {
        "ligatures": "loop, repeat",
        "name": "loop",
        "order": 20,
        "id": 302,
        "prevSize": 32,
        "code": 59949
      },
      "setIdx": 1,
      "setId": 1,
      "iconIdx": 301
    },
    {
      "icon": {
        "paths": [
          "M889.68 166.32c-93.608-102.216-228.154-166.32-377.68-166.32-282.77 0-512 229.23-512 512h96c0-229.75 186.25-416 416-416 123.020 0 233.542 53.418 309.696 138.306l-149.696 149.694h352v-352l-134.32 134.32z",
          "M928 512c0 229.75-186.25 416-416 416-123.020 0-233.542-53.418-309.694-138.306l149.694-149.694h-352v352l134.32-134.32c93.608 102.216 228.154 166.32 377.68 166.32 282.77 0 512-229.23 512-512h-96z"
        ],
        "tags": [
          "loop",
          "repeat",
          "player",
          "reload",
          "refresh",
          "update",
          "synchronize",
          "arrows"
        ],
        "defaultCode": 59950,
        "grid": 16,
        "attrs": []
      },
      "attrs": [],
      "properties": {
        "ligatures": "loop2, repeat2",
        "name": "loop2",
        "order": 19,
        "id": 303,
        "prevSize": 32,
        "code": 59950
      },
      "setIdx": 1,
      "setId": 1,
      "iconIdx": 302
    },
    {
      "icon": {
        "paths": [
          "M768 704h-101.49l-160-160 160-160h101.49v160l224-224-224-224v160h-128c-16.974 0-33.252 6.744-45.254 18.746l-178.746 178.744-178.746-178.746c-12-12-28.28-18.744-45.254-18.744h-192v128h165.49l160 160-160 160h-165.49v128h192c16.974 0 33.252-6.742 45.254-18.746l178.746-178.744 178.746 178.744c12.002 12.004 28.28 18.746 45.254 18.746h128v160l224-224-224-224v160z"
        ],
        "tags": [
          "shuffle",
          "random",
          "player"
        ],
        "defaultCode": 59952,
        "grid": 16,
        "attrs": []
      },
      "attrs": [],
      "properties": {
        "ligatures": "shuffle, random",
        "name": "shuffle",
        "order": 21,
        "id": 305,
        "prevSize": 32,
        "code": 59952
      },
      "setIdx": 1,
      "setId": 1,
      "iconIdx": 304
    },
    {
      "icon": {
        "paths": [
          "M512 0c-282.77 0-512 229.23-512 512s229.23 512 512 512 512-229.23 512-512-229.23-512-512-512zM512 928c-229.75 0-416-186.25-416-416s186.25-416 416-416 416 186.25 416 416-186.25 416-416 416z",
          "M354.744 706.744l90.512 90.512 285.254-285.256-285.256-285.254-90.508 90.508 194.744 194.746z"
        ],
        "tags": [
          "circle-right",
          "right",
          "circle-next",
          "arrow"
        ],
        "defaultCode": 59970,
        "grid": 16,
        "attrs": []
      },
      "attrs": [],
      "properties": {
        "ligatures": "circle-right, right5",
        "name": "circle-right",
        "order": 6,
        "id": 323,
        "prevSize": 32,
        "code": 59970
      },
      "setIdx": 1,
      "setId": 1,
      "iconIdx": 322
    },
    {
      "icon": {
        "paths": [
          "M512 1024c282.77 0 512-229.23 512-512s-229.23-512-512-512-512 229.23-512 512 229.23 512 512 512zM512 96c229.75 0 416 186.25 416 416s-186.25 416-416 416-416-186.25-416-416 186.25-416 416-416z",
          "M669.256 317.256l-90.512-90.512-285.254 285.256 285.256 285.254 90.508-90.508-194.744-194.746z"
        ],
        "tags": [
          "circle-left",
          "left",
          "circle-previous",
          "arrow"
        ],
        "defaultCode": 59972,
        "grid": 16,
        "attrs": []
      },
      "attrs": [],
      "properties": {
        "ligatures": "circle-left, left5",
        "name": "circle-left",
        "order": 7,
        "id": 325,
        "prevSize": 32,
        "code": 59972
      },
      "setIdx": 1,
      "setId": 1,
      "iconIdx": 324
    }
  ],
  "height": 1024,
  "metadata": {
    "name": "icomoon"
  },
  "preferences": {
    "showGlyphs": true,
    "showQuickUse": true,
    "showQuickUse2": true,
    "showSVGs": true,
    "fontPref": {
      "prefix": "icon-",
      "metadata": {
        "fontFamily": "icomoon"
      },
      "metrics": {
        "emSize": 1024,
        "baseline": 6.25,
        "whitespace": 50
      },
      "embed": false
    },
    "imagePref": {
      "prefix": "icon-",
      "png": true,
      "useClassSelector": true,
      "color": 0,
      "bgColor": 16777215,
      "classSelector": ".icon"
    },
    "historySize": 50,
    "showCodes": true,
    "gridSize": 16
  }
}